"symbol","owning_fixture","profiles","contract_category","raw_baseline","validation_owner","decision_policy","rationale"
"simdlib_partial_abi_matrix_cell<uint8_t,27>::pass","tests/codegen/PartialRegisterAbi.cpp","256/AVX2","ABI value boundary","native identity","PartialRegisterAbi","ENFORCE exact or pinned hashes","one-register parameter and return"
"simdlib_partial_abi_matrix_cell<uint8_t,28>::pass","tests/codegen/PartialRegisterAbi.cpp","256/AVX2","ABI value boundary","native identity","PartialRegisterAbi","ENFORCE exact or pinned hashes","one-register parameter and return"
"simdlib_partial_abi_matrix_cell<uint8_t,29>::pass","tests/codegen/PartialRegisterAbi.cpp","256/AVX2","ABI value boundary","native identity","PartialRegisterAbi","ENFORCE exact or pinned hashes","one-register parameter and return"
"simdlib_partial_abi_matrix_cell<uint8_t,30>::pass","tests/codegen/PartialRegisterAbi.cpp","256/AVX2","ABI value boundary","native identity","PartialRegisterAbi","ENFORCE exact or pinned hashes","one-register parameter and return"
"simdlib_partial_abi_matrix_cell<uint8_t,31>::pass","tests/codegen/PartialRegisterAbi.cpp","256/AVX2","ABI value boundary","native identity","PartialRegisterAbi","ENFORCE exact or pinned hashes","one-register parameter and return"
"simdlib_partial_abi_matrix_cell<uint8_t,17>::pass","tests/codegen/PartialRegisterAbi.cpp","256/AVX2","ABI value boundary","native identity","PartialRegisterAbi","ENFORCE exact or pinned hashes","one-register parameter and return"
"simdlib_partial_abi_matrix_cell<uint8_t,18>::pass","tests/codegen/PartialRegisterAbi.cpp","256/AVX2","ABI value boundary","native identity","PartialRegisterAbi","ENFORCE exact or pinned hashes","one-register parameter and return"
"simdlib_partial_abi_matrix_cell<uint8_t,19>::pass","tests/codegen/PartialRegisterAbi.cpp","256/AVX2","ABI value boundary","native identity","PartialRegisterAbi","ENFORCE exact or pinned hashes","one-register parameter and return"
"simdlib_partial_abi_matrix_cell<uint8_t,20>::pass","tests/codegen/PartialRegisterAbi.cpp","256/AVX2","ABI value boundary","native identity","PartialRegisterAbi","ENFORCE exact or pinned hashes","one-register parameter and return"
"simdlib_partial_abi_matrix_cell<uint8_t,21>::pass","tests/codegen/PartialRegisterAbi.cpp","256/AVX2","ABI value boundary","native identity","PartialRegisterAbi","ENFORCE exact or pinned hashes","one-register parameter and return"
"simdlib_partial_abi_matrix_cell<uint8_t,22>::pass","tests/codegen/PartialRegisterAbi.cpp","256/AVX2","ABI value boundary","native identity","PartialRegisterAbi","ENFORCE exact or pinned hashes","one-register parameter and return"
"simdlib_partial_abi_matrix_cell<uint8_t,23>::pass","tests/codegen/PartialRegisterAbi.cpp","256/AVX2","ABI value boundary","native identity","PartialRegisterAbi","ENFORCE exact or pinned hashes","one-register parameter and return"
"simdlib_partial_abi_matrix_cell<uint8_t,24>::pass","tests/codegen/PartialRegisterAbi.cpp","256/AVX2","ABI value boundary","native identity","PartialRegisterAbi","ENFORCE exact or pinned hashes","one-register parameter and return"
"simdlib_partial_abi_matrix_cell<uint8_t,25>::pass","tests/codegen/PartialRegisterAbi.cpp","256/AVX2","ABI value boundary","native identity","PartialRegisterAbi","ENFORCE exact or pinned hashes","one-register parameter and return"
"simdlib_partial_abi_matrix_cell<uint8_t,26>::pass","tests/codegen/PartialRegisterAbi.cpp","256/AVX2","ABI value boundary","native identity","PartialRegisterAbi","ENFORCE exact or pinned hashes","one-register parameter and return"
"simdlib_partial_abi_matrix_cell<uint16_t,10>::pass","tests/codegen/PartialRegisterAbi.cpp","256/AVX2","ABI value boundary","native identity","PartialRegisterAbi","ENFORCE exact or pinned hashes","one-register parameter and return"
"simdlib_partial_abi_matrix_cell<uint16_t,11>::pass","tests/codegen/PartialRegisterAbi.cpp","256/AVX2","ABI value boundary","native identity","PartialRegisterAbi","ENFORCE exact or pinned hashes","one-register parameter and return"
"simdlib_partial_abi_matrix_cell<uint16_t,12>::pass","tests/codegen/PartialRegisterAbi.cpp","256/AVX2","ABI value boundary","native identity","PartialRegisterAbi","ENFORCE exact or pinned hashes","one-register parameter and return"
"simdlib_partial_abi_matrix_cell<uint16_t,13>::pass","tests/codegen/PartialRegisterAbi.cpp","256/AVX2","ABI value boundary","native identity","PartialRegisterAbi","ENFORCE exact or pinned hashes","one-register parameter and return"
"simdlib_partial_abi_matrix_cell<uint16_t,14>::pass","tests/codegen/PartialRegisterAbi.cpp","256/AVX2","ABI value boundary","native identity","PartialRegisterAbi","ENFORCE exact or pinned hashes","one-register parameter and return"
"simdlib_partial_abi_matrix_cell<uint16_t,15>::pass","tests/codegen/PartialRegisterAbi.cpp","256/AVX2","ABI value boundary","native identity","PartialRegisterAbi","ENFORCE exact or pinned hashes","one-register parameter and return"
"simdlib_partial_abi_matrix_cell<uint32_t,5>::pass","tests/codegen/PartialRegisterAbi.cpp","256/AVX2","ABI value boundary","native identity","PartialRegisterAbi","ENFORCE exact or pinned hashes","one-register parameter and return"
"simdlib_partial_abi_matrix_cell<uint32_t,6>::pass","tests/codegen/PartialRegisterAbi.cpp","256/AVX2","ABI value boundary","native identity","PartialRegisterAbi","ENFORCE exact or pinned hashes","one-register parameter and return"
"simdlib_partial_abi_matrix_cell<uint32_t,7>::pass","tests/codegen/PartialRegisterAbi.cpp","256/AVX2","ABI value boundary","native identity","PartialRegisterAbi","ENFORCE exact or pinned hashes","one-register parameter and return"
"simdlib_partial_abi_matrix_cell<uint64_t,3>::pass","tests/codegen/PartialRegisterAbi.cpp","256/AVX2","ABI value boundary","native identity","PartialRegisterAbi","ENFORCE exact or pinned hashes","one-register parameter and return"
"simdlib_partial_abi_matrix_cell<int8_t,23>::pass","tests/codegen/PartialRegisterAbi.cpp","256/AVX2","ABI value boundary","native identity","PartialRegisterAbi","ENFORCE exact or pinned hashes","one-register parameter and return"
"simdlib_partial_abi_matrix_cell<int8_t,24>::pass","tests/codegen/PartialRegisterAbi.cpp","256/AVX2","ABI value boundary","native identity","PartialRegisterAbi","ENFORCE exact or pinned hashes","one-register parameter and return"
"simdlib_partial_abi_matrix_cell<int8_t,25>::pass","tests/codegen/PartialRegisterAbi.cpp","256/AVX2","ABI value boundary","native identity","PartialRegisterAbi","ENFORCE exact or pinned hashes","one-register parameter and return"
"simdlib_partial_abi_matrix_cell<int8_t,26>::pass","tests/codegen/PartialRegisterAbi.cpp","256/AVX2","ABI value boundary","native identity","PartialRegisterAbi","ENFORCE exact or pinned hashes","one-register parameter and return"
"simdlib_partial_abi_matrix_cell<int8_t,27>::pass","tests/codegen/PartialRegisterAbi.cpp","256/AVX2","ABI value boundary","native identity","PartialRegisterAbi","ENFORCE exact or pinned hashes","one-register parameter and return"
"simdlib_partial_abi_matrix_cell<int8_t,28>::pass","tests/codegen/PartialRegisterAbi.cpp","256/AVX2","ABI value boundary","native identity","PartialRegisterAbi","ENFORCE exact or pinned hashes","one-register parameter and return"
"simdlib_partial_abi_matrix_cell<int8_t,29>::pass","tests/codegen/PartialRegisterAbi.cpp","256/AVX2","ABI value boundary","native identity","PartialRegisterAbi","ENFORCE exact or pinned hashes","one-register parameter and return"
"simdlib_partial_abi_matrix_cell<int8_t,30>::pass","tests/codegen/PartialRegisterAbi.cpp","256/AVX2","ABI value boundary","native identity","PartialRegisterAbi","ENFORCE exact or pinned hashes","one-register parameter and return"
"simdlib_partial_abi_matrix_cell<int8_t,31>::pass","tests/codegen/PartialRegisterAbi.cpp","256/AVX2","ABI value boundary","native identity","PartialRegisterAbi","ENFORCE exact or pinned hashes","one-register parameter and return"
"simdlib_partial_abi_matrix_cell<uint16_t,9>::pass","tests/codegen/PartialRegisterAbi.cpp","256/AVX2","ABI value boundary","native identity","PartialRegisterAbi","ENFORCE exact or pinned hashes","one-register parameter and return"
"simdlib_partial_abi_matrix_cell<int32_t,5>::pass","tests/codegen/PartialRegisterAbi.cpp","256/AVX2","ABI value boundary","native identity","PartialRegisterAbi","ENFORCE exact or pinned hashes","one-register parameter and return"
"simdlib_partial_abi_matrix_cell<int32_t,6>::pass","tests/codegen/PartialRegisterAbi.cpp","256/AVX2","ABI value boundary","native identity","PartialRegisterAbi","ENFORCE exact or pinned hashes","one-register parameter and return"
"simdlib_partial_abi_matrix_cell<int32_t,7>::pass","tests/codegen/PartialRegisterAbi.cpp","256/AVX2","ABI value boundary","native identity","PartialRegisterAbi","ENFORCE exact or pinned hashes","one-register parameter and return"
"simdlib_partial_abi_matrix_cell<int64_t,3>::pass","tests/codegen/PartialRegisterAbi.cpp","256/AVX2","ABI value boundary","native identity","PartialRegisterAbi","ENFORCE exact or pinned hashes","one-register parameter and return"
"simdlib_partial_abi_matrix_cell<int8_t,17>::pass","tests/codegen/PartialRegisterAbi.cpp","256/AVX2","ABI value boundary","native identity","PartialRegisterAbi","ENFORCE exact or pinned hashes","one-register parameter and return"
"simdlib_partial_abi_matrix_cell<int8_t,18>::pass","tests/codegen/PartialRegisterAbi.cpp","256/AVX2","ABI value boundary","native identity","PartialRegisterAbi","ENFORCE exact or pinned hashes","one-register parameter and return"
"simdlib_partial_abi_matrix_cell<int8_t,19>::pass","tests/codegen/PartialRegisterAbi.cpp","256/AVX2","ABI value boundary","native identity","PartialRegisterAbi","ENFORCE exact or pinned hashes","one-register parameter and return"
"simdlib_partial_abi_matrix_cell<int8_t,20>::pass","tests/codegen/PartialRegisterAbi.cpp","256/AVX2","ABI value boundary","native identity","PartialRegisterAbi","ENFORCE exact or pinned hashes","one-register parameter and return"
"simdlib_partial_abi_matrix_cell<int8_t,21>::pass","tests/codegen/PartialRegisterAbi.cpp","256/AVX2","ABI value boundary","native identity","PartialRegisterAbi","ENFORCE exact or pinned hashes","one-register parameter and return"
"simdlib_partial_abi_matrix_cell<int8_t,22>::pass","tests/codegen/PartialRegisterAbi.cpp","256/AVX2","ABI value boundary","native identity","PartialRegisterAbi","ENFORCE exact or pinned hashes","one-register parameter and return"
"simdlib_partial_abi_matrix_cell<float,5>::pass","tests/codegen/PartialRegisterAbi.cpp","256/AVX2","ABI value boundary","native identity","PartialRegisterAbi","ENFORCE exact or pinned hashes","one-register parameter and return"
"simdlib_partial_abi_matrix_cell<float,6>::pass","tests/codegen/PartialRegisterAbi.cpp","256/AVX2","ABI value boundary","native identity","PartialRegisterAbi","ENFORCE exact or pinned hashes","one-register parameter and return"
"simdlib_partial_abi_matrix_cell<float,7>::pass","tests/codegen/PartialRegisterAbi.cpp","256/AVX2","ABI value boundary","native identity","PartialRegisterAbi","ENFORCE exact or pinned hashes","one-register parameter and return"
"simdlib_partial_abi_matrix_cell<int16_t,9>::pass","tests/codegen/PartialRegisterAbi.cpp","256/AVX2","ABI value boundary","native identity","PartialRegisterAbi","ENFORCE exact or pinned hashes","one-register parameter and return"
"simdlib_partial_abi_matrix_cell<int16_t,10>::pass","tests/codegen/PartialRegisterAbi.cpp","256/AVX2","ABI value boundary","native identity","PartialRegisterAbi","ENFORCE exact or pinned hashes","one-register parameter and return"
"simdlib_partial_abi_matrix_cell<int16_t,11>::pass","tests/codegen/PartialRegisterAbi.cpp","256/AVX2","ABI value boundary","native identity","PartialRegisterAbi","ENFORCE exact or pinned hashes","one-register parameter and return"
"simdlib_partial_abi_matrix_cell<int16_t,12>::pass","tests/codegen/PartialRegisterAbi.cpp","256/AVX2","ABI value boundary","native identity","PartialRegisterAbi","ENFORCE exact or pinned hashes","one-register parameter and return"
"simdlib_partial_abi_matrix_cell<int16_t,13>::pass","tests/codegen/PartialRegisterAbi.cpp","256/AVX2","ABI value boundary","native identity","PartialRegisterAbi","ENFORCE exact or pinned hashes","one-register parameter and return"
"simdlib_partial_abi_matrix_cell<int16_t,14>::pass","tests/codegen/PartialRegisterAbi.cpp","256/AVX2","ABI value boundary","native identity","PartialRegisterAbi","ENFORCE exact or pinned hashes","one-register parameter and return"
"simdlib_partial_abi_matrix_cell<int16_t,15>::pass","tests/codegen/PartialRegisterAbi.cpp","256/AVX2","ABI value boundary","native identity","PartialRegisterAbi","ENFORCE exact or pinned hashes","one-register parameter and return"
"simdlib_partial_abi_matrix_cell<uint8_t,7>::pass","tests/codegen/PartialRegisterAbi.cpp","128/SSE42","ABI value boundary","native identity","PartialRegisterAbi","ENFORCE exact or pinned hashes","one-register parameter and return"
"simdlib_partial_abi_matrix_cell<uint8_t,8>::pass","tests/codegen/PartialRegisterAbi.cpp","128/SSE42","ABI value boundary","native identity","PartialRegisterAbi","ENFORCE exact or pinned hashes","one-register parameter and return"
"simdlib_partial_abi_matrix_cell<uint8_t,9>::pass","tests/codegen/PartialRegisterAbi.cpp","128/SSE42","ABI value boundary","native identity","PartialRegisterAbi","ENFORCE exact or pinned hashes","one-register parameter and return"
"simdlib_partial_abi_matrix_cell<uint8_t,10>::pass","tests/codegen/PartialRegisterAbi.cpp","128/SSE42","ABI value boundary","native identity","PartialRegisterAbi","ENFORCE exact or pinned hashes","one-register parameter and return"
"simdlib_partial_abi_matrix_cell<uint8_t,11>::pass","tests/codegen/PartialRegisterAbi.cpp","128/SSE42","ABI value boundary","native identity","PartialRegisterAbi","ENFORCE exact or pinned hashes","one-register parameter and return"
"simdlib_partial_abi_matrix_cell<uint8_t,12>::pass","tests/codegen/PartialRegisterAbi.cpp","128/SSE42","ABI value boundary","native identity","PartialRegisterAbi","ENFORCE exact or pinned hashes","one-register parameter and return"
"simdlib_partial_abi_matrix_cell<uint8_t,13>::pass","tests/codegen/PartialRegisterAbi.cpp","128/SSE42","ABI value boundary","native identity","PartialRegisterAbi","ENFORCE exact or pinned hashes","one-register parameter and return"
"simdlib_partial_abi_matrix_cell<uint8_t,14>::pass","tests/codegen/PartialRegisterAbi.cpp","128/SSE42","ABI value boundary","native identity","PartialRegisterAbi","ENFORCE exact or pinned hashes","one-register parameter and return"
"simdlib_partial_abi_matrix_cell<uint8_t,15>::pass","tests/codegen/PartialRegisterAbi.cpp","128/SSE42","ABI value boundary","native identity","PartialRegisterAbi","ENFORCE exact or pinned hashes","one-register parameter and return"
"simdlib_partial_abi_matrix_cell<double,3>::pass","tests/codegen/PartialRegisterAbi.cpp","256/AVX2","ABI value boundary","native identity","PartialRegisterAbi","ENFORCE exact or pinned hashes","one-register parameter and return"
"simdlib_partial_abi_matrix_cell<uint32_t,1>::pass","tests/codegen/PartialRegisterAbi.cpp","128/SSE42","ABI value boundary","native identity","PartialRegisterAbi","ENFORCE exact or pinned hashes","one-register parameter and return"
"simdlib_partial_abi_matrix_cell<uint32_t,2>::pass","tests/codegen/PartialRegisterAbi.cpp","128/SSE42","ABI value boundary","native identity","PartialRegisterAbi","ENFORCE exact or pinned hashes","one-register parameter and return"
"simdlib_partial_abi_matrix_cell<uint32_t,3>::pass","tests/codegen/PartialRegisterAbi.cpp","128/SSE42","ABI value boundary","native identity","PartialRegisterAbi","ENFORCE exact or pinned hashes","one-register parameter and return"
"simdlib_partial_abi_matrix_cell<uint64_t,1>::pass","tests/codegen/PartialRegisterAbi.cpp","128/SSE42","ABI value boundary","native identity","PartialRegisterAbi","ENFORCE exact or pinned hashes","one-register parameter and return"
"simdlib_partial_abi_matrix_cell<uint8_t,1>::pass","tests/codegen/PartialRegisterAbi.cpp","128/SSE42","ABI value boundary","native identity","PartialRegisterAbi","ENFORCE exact or pinned hashes","one-register parameter and return"
"simdlib_partial_abi_matrix_cell<uint8_t,2>::pass","tests/codegen/PartialRegisterAbi.cpp","128/SSE42","ABI value boundary","native identity","PartialRegisterAbi","ENFORCE exact or pinned hashes","one-register parameter and return"
"simdlib_partial_abi_matrix_cell<uint8_t,3>::pass","tests/codegen/PartialRegisterAbi.cpp","128/SSE42","ABI value boundary","native identity","PartialRegisterAbi","ENFORCE exact or pinned hashes","one-register parameter and return"
"simdlib_partial_abi_matrix_cell<uint8_t,4>::pass","tests/codegen/PartialRegisterAbi.cpp","128/SSE42","ABI value boundary","native identity","PartialRegisterAbi","ENFORCE exact or pinned hashes","one-register parameter and return"
"simdlib_partial_abi_matrix_cell<uint8_t,5>::pass","tests/codegen/PartialRegisterAbi.cpp","128/SSE42","ABI value boundary","native identity","PartialRegisterAbi","ENFORCE exact or pinned hashes","one-register parameter and return"
"simdlib_partial_abi_matrix_cell<uint8_t,6>::pass","tests/codegen/PartialRegisterAbi.cpp","128/SSE42","ABI value boundary","native identity","PartialRegisterAbi","ENFORCE exact or pinned hashes","one-register parameter and return"
"simdlib_partial_abi_matrix_cell<int8_t,13>::pass","tests/codegen/PartialRegisterAbi.cpp","128/SSE42","ABI value boundary","native identity","PartialRegisterAbi","ENFORCE exact or pinned hashes","one-register parameter and return"
"simdlib_partial_abi_matrix_cell<int8_t,14>::pass","tests/codegen/PartialRegisterAbi.cpp","128/SSE42","ABI value boundary","native identity","PartialRegisterAbi","ENFORCE exact or pinned hashes","one-register parameter and return"
"simdlib_partial_abi_matrix_cell<int8_t,15>::pass","tests/codegen/PartialRegisterAbi.cpp","128/SSE42","ABI value boundary","native identity","PartialRegisterAbi","ENFORCE exact or pinned hashes","one-register parameter and return"
"simdlib_partial_abi_matrix_cell<uint16_t,1>::pass","tests/codegen/PartialRegisterAbi.cpp","128/SSE42","ABI value boundary","native identity","PartialRegisterAbi","ENFORCE exact or pinned hashes","one-register parameter and return"
"simdlib_partial_abi_matrix_cell<uint16_t,2>::pass","tests/codegen/PartialRegisterAbi.cpp","128/SSE42","ABI value boundary","native identity","PartialRegisterAbi","ENFORCE exact or pinned hashes","one-register parameter and return"
"simdlib_partial_abi_matrix_cell<uint16_t,3>::pass","tests/codegen/PartialRegisterAbi.cpp","128/SSE42","ABI value boundary","native identity","PartialRegisterAbi","ENFORCE exact or pinned hashes","one-register parameter and return"
"simdlib_partial_abi_matrix_cell<uint16_t,4>::pass","tests/codegen/PartialRegisterAbi.cpp","128/SSE42","ABI value boundary","native identity","PartialRegisterAbi","ENFORCE exact or pinned hashes","one-register parameter and return"
"simdlib_partial_abi_matrix_cell<uint16_t,5>::pass","tests/codegen/PartialRegisterAbi.cpp","128/SSE42","ABI value boundary","native identity","PartialRegisterAbi","ENFORCE exact or pinned hashes","one-register parameter and return"
"simdlib_partial_abi_matrix_cell<uint16_t,6>::pass","tests/codegen/PartialRegisterAbi.cpp","128/SSE42","ABI value boundary","native identity","PartialRegisterAbi","ENFORCE exact or pinned hashes","one-register parameter and return"
"simdlib_partial_abi_matrix_cell<uint16_t,7>::pass","tests/codegen/PartialRegisterAbi.cpp","128/SSE42","ABI value boundary","native identity","PartialRegisterAbi","ENFORCE exact or pinned hashes","one-register parameter and return"
"simdlib_partial_abi_matrix_cell<int8_t,3>::pass","tests/codegen/PartialRegisterAbi.cpp","128/SSE42","ABI value boundary","native identity","PartialRegisterAbi","ENFORCE exact or pinned hashes","one-register parameter and return"
"simdlib_partial_abi_matrix_cell<int8_t,4>::pass","tests/codegen/PartialRegisterAbi.cpp","128/SSE42","ABI value boundary","native identity","PartialRegisterAbi","ENFORCE exact or pinned hashes","one-register parameter and return"
"simdlib_partial_abi_matrix_cell<int8_t,5>::pass","tests/codegen/PartialRegisterAbi.cpp","128/SSE42","ABI value boundary","native identity","PartialRegisterAbi","ENFORCE exact or pinned hashes","one-register parameter and return"
"simdlib_partial_abi_matrix_cell<int8_t,6>::pass","tests/codegen/PartialRegisterAbi.cpp","128/SSE42","ABI value boundary","native identity","PartialRegisterAbi","ENFORCE exact or pinned hashes","one-register parameter and return"
"simdlib_partial_abi_matrix_cell<int8_t,7>::pass","tests/codegen/PartialRegisterAbi.cpp","128/SSE42","ABI value boundary","native identity","PartialRegisterAbi","ENFORCE exact or pinned hashes","one-register parameter and return"
"simdlib_partial_abi_matrix_cell<int8_t,8>::pass","tests/codegen/PartialRegisterAbi.cpp","128/SSE42","ABI value boundary","native identity","PartialRegisterAbi","ENFORCE exact or pinned hashes","one-register parameter and return"
"simdlib_partial_abi_matrix_cell<int8_t,9>::pass","tests/codegen/PartialRegisterAbi.cpp","128/SSE42","ABI value boundary","native identity","PartialRegisterAbi","ENFORCE exact or pinned hashes","one-register parameter and return"
"simdlib_partial_abi_matrix_cell<int8_t,10>::pass","tests/codegen/PartialRegisterAbi.cpp","128/SSE42","ABI value boundary","native identity","PartialRegisterAbi","ENFORCE exact or pinned hashes","one-register parameter and return"
"simdlib_partial_abi_matrix_cell<int8_t,11>::pass","tests/codegen/PartialRegisterAbi.cpp","128/SSE42","ABI value boundary","native identity","PartialRegisterAbi","ENFORCE exact or pinned hashes","one-register parameter and return"
"simdlib_partial_abi_matrix_cell<int8_t,12>::pass","tests/codegen/PartialRegisterAbi.cpp","128/SSE42","ABI value boundary","native identity","PartialRegisterAbi","ENFORCE exact or pinned hashes","one-register parameter and return"
"simdlib_partial_abi_matrix_cell<int16_t,4>::pass","tests/codegen/PartialRegisterAbi.cpp","128/SSE42","ABI value boundary","native identity","PartialRegisterAbi","ENFORCE exact or pinned hashes","one-register parameter and return"
"simdlib_partial_abi_matrix_cell<int16_t,5>::pass","tests/codegen/PartialRegisterAbi.cpp","128/SSE42","ABI value boundary","native identity","PartialRegisterAbi","ENFORCE exact or pinned hashes","one-register parameter and return"
"simdlib_partial_abi_matrix_cell<int16_t,6>::pass","tests/codegen/PartialRegisterAbi.cpp","128/SSE42","ABI value boundary","native identity","PartialRegisterAbi","ENFORCE exact or pinned hashes","one-register parameter and return"
"simdlib_partial_abi_matrix_cell<int16_t,7>::pass","tests/codegen/PartialRegisterAbi.cpp","128/SSE42","ABI value boundary","native identity","PartialRegisterAbi","ENFORCE exact or pinned hashes","one-register parameter and return"
"simdlib_partial_abi_matrix_cell<int32_t,1>::pass","tests/codegen/PartialRegisterAbi.cpp","128/SSE42","ABI value boundary","native identity","PartialRegisterAbi","ENFORCE exact or pinned hashes","one-register parameter and return"
"simdlib_partial_abi_matrix_cell<int32_t,2>::pass","tests/codegen/PartialRegisterAbi.cpp","128/SSE42","ABI value boundary","native identity","PartialRegisterAbi","ENFORCE exact or pinned hashes","one-register parameter and return"
"simdlib_partial_abi_matrix_cell<int32_t,3>::pass","tests/codegen/PartialRegisterAbi.cpp","128/SSE42","ABI value boundary","native identity","PartialRegisterAbi","ENFORCE exact or pinned hashes","one-register parameter and return"
"simdlib_partial_abi_matrix_cell<int64_t,1>::pass","tests/codegen/PartialRegisterAbi.cpp","128/SSE42","ABI value boundary","native identity","PartialRegisterAbi","ENFORCE exact or pinned hashes","one-register parameter and return"
"simdlib_partial_abi_matrix_cell<int8_t,1>::pass","tests/codegen/PartialRegisterAbi.cpp","128/SSE42","ABI value boundary","native identity","PartialRegisterAbi","ENFORCE exact or pinned hashes","one-register parameter and return"
"simdlib_partial_abi_matrix_cell<int8_t,2>::pass","tests/codegen/PartialRegisterAbi.cpp","128/SSE42","ABI value boundary","native identity","PartialRegisterAbi","ENFORCE exact or pinned hashes","one-register parameter and return"
"simdlib_partial_register_codegen_add","tests/codegen/PartialRegisterMaskCodegen.cpp","128/SSE42;256/AVX2","value","direct Api/native equivalent","PartialRegisterMaskCodegen","ENFORCE exact or pinned hashes","same invariant work"
"simdlib_partial_register_codegen_divide","tests/codegen/PartialRegisterMaskCodegen.cpp","128/SSE42;256/AVX2","value","direct Api/native equivalent","PartialRegisterMaskCodegen","ENFORCE exact or pinned hashes","same invariant work"
"simdlib_partial_register_codegen_import","tests/codegen/PartialRegisterMaskCodegen.cpp","128/SSE42;256/AVX2","value","direct Api/native equivalent","PartialRegisterMaskCodegen","ENFORCE exact or pinned hashes","same invariant work"
"simdlib_partial_abi_matrix_cell<double,1>::pass","tests/codegen/PartialRegisterAbi.cpp","128/SSE42","ABI value boundary","native identity","PartialRegisterAbi","ENFORCE exact or pinned hashes","one-register parameter and return"
"simdlib_partial_abi_matrix_cell<float,1>::pass","tests/codegen/PartialRegisterAbi.cpp","128/SSE42","ABI value boundary","native identity","PartialRegisterAbi","ENFORCE exact or pinned hashes","one-register parameter and return"
"simdlib_partial_abi_matrix_cell<float,2>::pass","tests/codegen/PartialRegisterAbi.cpp","128/SSE42","ABI value boundary","native identity","PartialRegisterAbi","ENFORCE exact or pinned hashes","one-register parameter and return"
"simdlib_partial_abi_matrix_cell<float,3>::pass","tests/codegen/PartialRegisterAbi.cpp","128/SSE42","ABI value boundary","native identity","PartialRegisterAbi","ENFORCE exact or pinned hashes","one-register parameter and return"
"simdlib_partial_abi_matrix_cell<int16_t,1>::pass","tests/codegen/PartialRegisterAbi.cpp","128/SSE42","ABI value boundary","native identity","PartialRegisterAbi","ENFORCE exact or pinned hashes","one-register parameter and return"
"simdlib_partial_abi_matrix_cell<int16_t,2>::pass","tests/codegen/PartialRegisterAbi.cpp","128/SSE42","ABI value boundary","native identity","PartialRegisterAbi","ENFORCE exact or pinned hashes","one-register parameter and return"
"simdlib_partial_abi_matrix_cell<int16_t,3>::pass","tests/codegen/PartialRegisterAbi.cpp","128/SSE42","ABI value boundary","native identity","PartialRegisterAbi","ENFORCE exact or pinned hashes","one-register parameter and return"
"simdlib_partial_general_codegen_convert","tests/codegen/PartialRegisterGeneralCodegen.cpp","128/SSE42;256/AVX2","conversion","direct Api/native equivalent","PartialRegisterGeneral","ENFORCE exact or pinned hashes","same invariant work"
"simdlib_partial_general_codegen_native_transfer","tests/codegen/PartialRegisterGeneralCodegen.cpp","128/SSE42;256/AVX2","value","direct Api/native equivalent","PartialRegisterGeneral","ENFORCE exact or pinned hashes","same invariant work"
"simdlib_partial_general_codegen_numeric_convert","tests/codegen/PartialRegisterGeneralCodegen.cpp","128/SSE42;256/AVX2","conversion","direct Api/native equivalent","PartialRegisterGeneral","ENFORCE exact or pinned hashes","same invariant work"
"simdlib_partial_general_codegen_payload_shift","tests/codegen/PartialRegisterGeneralCodegen.cpp","128/SSE42;256/AVX2","rearrangement","direct Api/native equivalent","PartialRegisterGeneral","ENFORCE exact or pinned hashes","same invariant work"
"simdlib_partial_general_codegen_payload_shift_right","tests/codegen/PartialRegisterGeneralCodegen.cpp","128/SSE42;256/AVX2","rearrangement","direct Api/native equivalent","PartialRegisterGeneral","ENFORCE exact or pinned hashes","same invariant work"
"simdlib_partial_general_codegen_rearrange","tests/codegen/PartialRegisterGeneralCodegen.cpp","128/SSE42;256/AVX2","rearrangement","direct Api/native equivalent","PartialRegisterGeneral","ENFORCE exact or pinned hashes","same invariant work"
"simdlib_partial_general_codegen_transfer","tests/codegen/PartialRegisterGeneralCodegen.cpp","128/SSE42;256/AVX2","value","direct Api/native equivalent","PartialRegisterGeneral","ENFORCE exact or pinned hashes","same invariant work"
"simdlib_partial_general_codegen_unary_shift","tests/codegen/PartialRegisterGeneralCodegen.cpp","128/SSE42;256/AVX2","rearrangement","direct Api/native equivalent","PartialRegisterGeneral","ENFORCE exact or pinned hashes","same invariant work"
"simdlib_partial_general_codegen_widen_low","tests/codegen/PartialRegisterGeneralCodegen.cpp","128/SSE42","conversion","direct Api/native equivalent","PartialRegisterGeneral","ENFORCE exact or pinned hashes","supported low-prefix widening geometry"
"simdlib_partial_mask_codegen_compose","tests/codegen/PartialRegisterMaskCodegen.cpp","128/SSE42;256/AVX2","predicate","direct Api/native equivalent","PartialRegisterMaskCodegen","ENFORCE exact or pinned hashes","same invariant work"
"simdlib_partial_arithmetic_codegen_multiply_add_adjacent","tests/codegen/PartialRegisterArithmeticCodegen.cpp","128/SSE42;256/AVX2","value","direct Api/native equivalent","PartialRegisterArithmeticCodegen","ENFORCE exact or pinned hashes","same invariant work"
"simdlib_partial_arithmetic_codegen_negate","tests/codegen/PartialRegisterArithmeticCodegen.cpp","128/SSE42;256/AVX2","value","direct Api/native equivalent","PartialRegisterArithmeticCodegen","ENFORCE exact or pinned hashes","same invariant work"
"simdlib_partial_arithmetic_codegen_normalize","tests/codegen/PartialRegisterArithmeticCodegen.cpp","128/SSE42;256/AVX2","value","direct Api/native equivalent","PartialRegisterArithmeticCodegen","ENFORCE exact or pinned hashes","same invariant work"
"simdlib_partial_arithmetic_codegen_sad","tests/codegen/PartialRegisterArithmeticCodegen.cpp","128/SSE42;256/AVX2","reduction","direct Api/native equivalent","PartialRegisterArithmeticCodegen","ENFORCE exact or pinned hashes","same invariant work"
"simdlib_partial_arithmetic_codegen_sparse_adjacent","tests/codegen/PartialRegisterArithmeticCodegen.cpp","128/SSE42;256/AVX2","value","direct Api/native equivalent","PartialRegisterArithmeticCodegen","ENFORCE exact or pinned hashes","same invariant work"
"simdlib_partial_arithmetic_codegen_sqrt","tests/codegen/PartialRegisterArithmeticCodegen.cpp","128/SSE42;256/AVX2","value","direct Api/native equivalent","PartialRegisterArithmeticCodegen","ENFORCE exact or pinned hashes","same invariant work"
"simdlib_partial_arithmetic_codegen_subtract","tests/codegen/PartialRegisterArithmeticCodegen.cpp","128/SSE42;256/AVX2","value","direct Api/native equivalent","PartialRegisterArithmeticCodegen","ENFORCE exact or pinned hashes","same invariant work"
"simdlib_partial_arithmetic_codegen_subtract_saturated","tests/codegen/PartialRegisterArithmeticCodegen.cpp","128/SSE42;256/AVX2","value","direct Api/native equivalent","PartialRegisterArithmeticCodegen","ENFORCE exact or pinned hashes","same invariant work"
"simdlib_partial_general_codegen_blend","tests/codegen/PartialRegisterGeneralCodegen.cpp","128/SSE42;256/AVX2","rearrangement","direct Api/native equivalent","PartialRegisterGeneral","ENFORCE exact or pinned hashes","same invariant work"
"simdlib_partial_general_codegen_composed","tests/codegen/PartialRegisterGeneralCodegen.cpp","128/SSE42;256/AVX2","value","direct Api/native equivalent","PartialRegisterGeneral","ENFORCE exact or pinned hashes","same invariant work"
"simdlib_partial_arithmetic_codegen_magnitude","tests/codegen/PartialRegisterArithmeticCodegen.cpp","128/SSE42;256/AVX2","reduction","direct Api/native equivalent","PartialRegisterArithmeticCodegen","ENFORCE exact or pinned hashes","same invariant work"
"simdlib_partial_arithmetic_codegen_magnitude_checked","tests/codegen/PartialRegisterArithmeticCodegen.cpp","128/SSE42;256/AVX2","reduction","direct Api/native equivalent","PartialRegisterArithmeticCodegen","ENFORCE exact or pinned hashes","same invariant work"
"simdlib_partial_arithmetic_codegen_max","tests/codegen/PartialRegisterArithmeticCodegen.cpp","128/SSE42;256/AVX2","value","direct Api/native equivalent","PartialRegisterArithmeticCodegen","ENFORCE exact or pinned hashes","same invariant work"
"simdlib_partial_arithmetic_codegen_max_position","tests/codegen/PartialRegisterArithmeticCodegen.cpp","128/SSE42;256/AVX2","reduction","direct Api/native equivalent","PartialRegisterArithmeticCodegen","ENFORCE exact or pinned hashes","same invariant work"
"simdlib_partial_arithmetic_codegen_min","tests/codegen/PartialRegisterArithmeticCodegen.cpp","128/SSE42;256/AVX2","value","direct Api/native equivalent","PartialRegisterArithmeticCodegen","ENFORCE exact or pinned hashes","same invariant work"
"simdlib_partial_arithmetic_codegen_min_position","tests/codegen/PartialRegisterArithmeticCodegen.cpp","128/SSE42;256/AVX2","reduction","direct Api/native equivalent","PartialRegisterArithmeticCodegen","ENFORCE exact or pinned hashes","same invariant work"
"simdlib_partial_arithmetic_codegen_modulus","tests/codegen/PartialRegisterArithmeticCodegen.cpp","128/SSE42;256/AVX2","value","direct Api/native equivalent","PartialRegisterArithmeticCodegen","ENFORCE exact or pinned hashes","same invariant work"
"simdlib_partial_arithmetic_codegen_multi_sad","tests/codegen/PartialRegisterArithmeticCodegen.cpp","128/SSE42;256/AVX2","reduction","direct Api/native equivalent","PartialRegisterArithmeticCodegen","ENFORCE exact or pinned hashes","same invariant work"
"simdlib_partial_arithmetic_codegen_multiply","tests/codegen/PartialRegisterArithmeticCodegen.cpp","128/SSE42;256/AVX2","value","direct Api/native equivalent","PartialRegisterArithmeticCodegen","ENFORCE exact or pinned hashes","same invariant work"
"simdlib_partial_arithmetic_codegen_multiply_add","tests/codegen/PartialRegisterArithmeticCodegen.cpp","128/SSE42;256/AVX2","value","direct Api/native equivalent","PartialRegisterArithmeticCodegen","ENFORCE exact or pinned hashes","same invariant work"
"simdlib_partial_arithmetic_codegen_add_saturated","tests/codegen/PartialRegisterArithmeticCodegen.cpp","128/SSE42;256/AVX2","value","direct Api/native equivalent","PartialRegisterArithmeticCodegen","ENFORCE exact or pinned hashes","same invariant work"
"simdlib_partial_arithmetic_codegen_add_subtract","tests/codegen/PartialRegisterArithmeticCodegen.cpp","128/SSE42;256/AVX2","value","direct Api/native equivalent","PartialRegisterArithmeticCodegen","ENFORCE exact or pinned hashes","same invariant work"
"simdlib_partial_arithmetic_codegen_average","tests/codegen/PartialRegisterArithmeticCodegen.cpp","128/SSE42;256/AVX2","value","direct Api/native equivalent","PartialRegisterArithmeticCodegen","ENFORCE exact or pinned hashes","same invariant work"
"simdlib_partial_arithmetic_codegen_byte_multiply_add","tests/codegen/PartialRegisterArithmeticCodegen.cpp","128/SSE42;256/AVX2","value","direct Api/native equivalent","PartialRegisterArithmeticCodegen","ENFORCE exact or pinned hashes","same invariant work"
"simdlib_partial_arithmetic_codegen_divide","tests/codegen/PartialRegisterArithmeticCodegen.cpp","128/SSE42;256/AVX2","value","direct Api/native equivalent","PartialRegisterArithmeticCodegen","ENFORCE exact or pinned hashes","same invariant work"
"simdlib_partial_arithmetic_codegen_dot_product","tests/codegen/PartialRegisterArithmeticCodegen.cpp","128/SSE42;256/AVX2","value","direct Api/native equivalent","PartialRegisterArithmeticCodegen","ENFORCE exact or pinned hashes","same invariant work"
"simdlib_partial_arithmetic_codegen_horizontal_add","tests/codegen/PartialRegisterArithmeticCodegen.cpp","128/SSE42;256/AVX2","value","direct Api/native equivalent","PartialRegisterArithmeticCodegen","ENFORCE exact or pinned hashes","same invariant work"
"simdlib_partial_arithmetic_codegen_horizontal_add_saturated","tests/codegen/PartialRegisterArithmeticCodegen.cpp","128/SSE42;256/AVX2","value","direct Api/native equivalent","PartialRegisterArithmeticCodegen","ENFORCE exact or pinned hashes","same invariant work"
"simdlib_partial_arithmetic_codegen_horizontal_subtract","tests/codegen/PartialRegisterArithmeticCodegen.cpp","128/SSE42;256/AVX2","value","direct Api/native equivalent","PartialRegisterArithmeticCodegen","ENFORCE exact or pinned hashes","same invariant work"
"simdlib_partial_arithmetic_codegen_horizontal_subtract_saturated","tests/codegen/PartialRegisterArithmeticCodegen.cpp","128/SSE42;256/AVX2","value","direct Api/native equivalent","PartialRegisterArithmeticCodegen","ENFORCE exact or pinned hashes","same invariant work"
"simdlib_partial_abi_mask","tests/codegen/PartialRegisterAbi.cpp","128/SSE42;256/AVX2","ABI","direct Api/native equivalent","PartialRegisterAbi","ENFORCE exact or pinned hashes","same invariant work"
"simdlib_partial_abi_opaque","tests/codegen/PartialRegisterAbi.cpp","128/SSE42;256/AVX2","ABI","direct Api/native equivalent","PartialRegisterAbi","ENFORCE exact or pinned hashes","same invariant work"
"simdlib_partial_abi_pass","tests/codegen/PartialRegisterAbi.cpp","128/SSE42;256/AVX2","ABI","direct Api/native equivalent","PartialRegisterAbi","ENFORCE exact or pinned hashes","same invariant work"
"simdlib_partial_abi_pressure","tests/codegen/PartialRegisterAbi.cpp","128/SSE42;256/AVX2","ABI","direct Api/native equivalent","PartialRegisterAbi","ENFORCE exact or pinned hashes","same invariant work"
"simdlib_partial_abi_reassign","tests/codegen/PartialRegisterAbi.cpp","128/SSE42;256/AVX2","ABI","direct Api/native equivalent","PartialRegisterAbi","ENFORCE exact or pinned hashes","same invariant work"
"simdlib_partial_abi_return","tests/codegen/PartialRegisterAbi.cpp","128/SSE42;256/AVX2","ABI","direct Api/native equivalent","PartialRegisterAbi","ENFORCE exact or pinned hashes","same invariant work"
"simdlib_partial_abi_scalar","tests/codegen/PartialRegisterAbi.cpp","128/SSE42;256/AVX2","ABI","direct Api/native equivalent","PartialRegisterAbi","ENFORCE exact or pinned hashes","same invariant work"
"simdlib_partial_abi_type_change","tests/codegen/PartialRegisterAbi.cpp","128/SSE42;256/AVX2","ABI","direct Api/native equivalent","PartialRegisterAbi","ENFORCE exact or pinned hashes","same invariant work"
"simdlib_partial_arithmetic_codegen_absolute","tests/codegen/PartialRegisterArithmeticCodegen.cpp","128/SSE42;256/AVX2","value","direct Api/native equivalent","PartialRegisterArithmeticCodegen","ENFORCE exact or pinned hashes","same invariant work"
"simdlib_partial_arithmetic_codegen_add","tests/codegen/PartialRegisterArithmeticCodegen.cpp","128/SSE42;256/AVX2","value","direct Api/native equivalent","PartialRegisterArithmeticCodegen","ENFORCE exact or pinned hashes","same invariant work"
